raw_document,dataset_type,document,question,response
"Artificial Intelligence (AI) is a branch of computer science that aims to create intelligent machines 
that can perform tasks that typically require human intelligence. These tasks include learning, reasoning, 
problem-solving, perception, and language understanding. AI systems can be categorized into two main types: 
narrow AI, which is designed for specific tasks, and general AI, which would have human-like cognitive abilities 
across multiple domains. Machine learning, a subset of AI, enables computers to learn and improve from experience 
without being explicitly programmed for every task.",summary_detailed,"Here is a detailed summary of the provided document:

The document discusses Artificial Intelligence (AI), a branch of computer science that focuses on creating intelligent machines capable of performing tasks that typically require human intelligence. These tasks include:

1. Learning: AI systems can acquire knowledge and improve their performance over time.
2. Reasoning: AI systems can make logical decisions and draw conclusions based on available information.
3. Problem-solving: AI systems can identify and resolve complex problems.
4. Perception: AI systems can interpret and understand sensory information from the environment.
5. Language understanding: AI systems can comprehend and generate human language.

AI systems can be categorized into two main types:

1. **Narrow AI**: Designed for specific tasks, narrow AI systems are limited to a particular domain or function.
2. **General AI**: General AI systems would possess human-like cognitive abilities across multiple domains, enabling them to perform a wide range of tasks.

The document also mentions **Machine Learning**, a subset of AI that enables computers to learn and improve from experience without being explicitly programmed for every task. This allows AI systems to adapt and become more accurate over time.",What are the primary characteristics of Artificial Intelligence (AI) systems?,"Artificial Intelligence (AI) systems are characterized by their ability to perform tasks that typically require human intelligence, including learning, reasoning, problem-solving, perception, and language understanding. "
"Artificial Intelligence (AI) is a branch of computer science that aims to create intelligent machines 
that can perform tasks that typically require human intelligence. These tasks include learning, reasoning, 
problem-solving, perception, and language understanding. AI systems can be categorized into two main types: 
narrow AI, which is designed for specific tasks, and general AI, which would have human-like cognitive abilities 
across multiple domains. Machine learning, a subset of AI, enables computers to learn and improve from experience 
without being explicitly programmed for every task.",summary_detailed,"Here is a detailed summary of the provided document:

The document discusses Artificial Intelligence (AI), a branch of computer science that focuses on creating intelligent machines capable of performing tasks that typically require human intelligence. These tasks include:

1. Learning: AI systems can acquire knowledge and improve their performance over time.
2. Reasoning: AI systems can make logical decisions and draw conclusions based on available information.
3. Problem-solving: AI systems can identify and resolve complex problems.
4. Perception: AI systems can interpret and understand sensory information from the environment.
5. Language understanding: AI systems can comprehend and generate human language.

AI systems can be categorized into two main types:

1. **Narrow AI**: Designed for specific tasks, narrow AI systems are limited to a particular domain or function.
2. **General AI**: General AI systems would possess human-like cognitive abilities across multiple domains, enabling them to perform a wide range of tasks.

The document also mentions **Machine Learning**, a subset of AI that enables computers to learn and improve from experience without being explicitly programmed for every task. This allows AI systems to adapt and become more accurate over time.",What is the primary difference between Narrow AI and General AI systems?,"The primary difference between Narrow AI and General AI systems is that Narrow AI systems are designed for specific tasks and are limited to a particular domain or function, whereas General AI systems would possess human-like cognitive abilities across multiple domains, enabling them to perform a wide range of tasks. "
"Artificial Intelligence (AI) is a branch of computer science that aims to create intelligent machines 
that can perform tasks that typically require human intelligence. These tasks include learning, reasoning, 
problem-solving, perception, and language understanding. AI systems can be categorized into two main types: 
narrow AI, which is designed for specific tasks, and general AI, which would have human-like cognitive abilities 
across multiple domains. Machine learning, a subset of AI, enables computers to learn and improve from experience 
without being explicitly programmed for every task.",summary_detailed,"Here is a detailed summary of the provided document:

The document discusses Artificial Intelligence (AI), a branch of computer science that focuses on creating intelligent machines capable of performing tasks that typically require human intelligence. These tasks include:

1. Learning: AI systems can acquire knowledge and improve their performance over time.
2. Reasoning: AI systems can make logical decisions and draw conclusions based on available information.
3. Problem-solving: AI systems can identify and resolve complex problems.
4. Perception: AI systems can interpret and understand sensory information from the environment.
5. Language understanding: AI systems can comprehend and generate human language.

AI systems can be categorized into two main types:

1. **Narrow AI**: Designed for specific tasks, narrow AI systems are limited to a particular domain or function.
2. **General AI**: General AI systems would possess human-like cognitive abilities across multiple domains, enabling them to perform a wide range of tasks.

The document also mentions **Machine Learning**, a subset of AI that enables computers to learn and improve from experience without being explicitly programmed for every task. This allows AI systems to adapt and become more accurate over time.","What is Machine Learning, and how does it contribute to AI systems?","Machine Learning is a subset of AI that enables computers to learn and improve from experience without being explicitly programmed for every task. This allows AI systems to adapt and become more accurate over time, making them more effective in a variety of applications. "
"Artificial Intelligence (AI) is a branch of computer science that aims to create intelligent machines 
that can perform tasks that typically require human intelligence. These tasks include learning, reasoning, 
problem-solving, perception, and language understanding. AI systems can be categorized into two main types: 
narrow AI, which is designed for specific tasks, and general AI, which would have human-like cognitive abilities 
across multiple domains. Machine learning, a subset of AI, enables computers to learn and improve from experience 
without being explicitly programmed for every task.",summary_detailed,"Here is a detailed summary of the provided document:

The document discusses Artificial Intelligence (AI), a branch of computer science that focuses on creating intelligent machines capable of performing tasks that typically require human intelligence. These tasks include:

1. Learning: AI systems can acquire knowledge and improve their performance over time.
2. Reasoning: AI systems can make logical decisions and draw conclusions based on available information.
3. Problem-solving: AI systems can identify and resolve complex problems.
4. Perception: AI systems can interpret and understand sensory information from the environment.
5. Language understanding: AI systems can comprehend and generate human language.

AI systems can be categorized into two main types:

1. **Narrow AI**: Designed for specific tasks, narrow AI systems are limited to a particular domain or function.
2. **General AI**: General AI systems would possess human-like cognitive abilities across multiple domains, enabling them to perform a wide range of tasks.

The document also mentions **Machine Learning**, a subset of AI that enables computers to learn and improve from experience without being explicitly programmed for every task. This allows AI systems to adapt and become more accurate over time.","What are some examples of tasks that AI systems can perform, and how do these tasks demonstrate the capabilities of AI?","AI systems can perform tasks such as image recognition, natural language processing, and decision-making, which demonstrate their ability to learn, reason, and solve problems. These tasks showcase the capabilities of AI in areas such as perception, language understanding, and problem-solving. "
"Artificial Intelligence (AI) is a branch of computer science that aims to create intelligent machines 
that can perform tasks that typically require human intelligence. These tasks include learning, reasoning, 
problem-solving, perception, and language understanding. AI systems can be categorized into two main types: 
narrow AI, which is designed for specific tasks, and general AI, which would have human-like cognitive abilities 
across multiple domains. Machine learning, a subset of AI, enables computers to learn and improve from experience 
without being explicitly programmed for every task.",summary_detailed,"Here is a detailed summary of the provided document:

The document discusses Artificial Intelligence (AI), a branch of computer science that focuses on creating intelligent machines capable of performing tasks that typically require human intelligence. These tasks include:

1. Learning: AI systems can acquire knowledge and improve their performance over time.
2. Reasoning: AI systems can make logical decisions and draw conclusions based on available information.
3. Problem-solving: AI systems can identify and resolve complex problems.
4. Perception: AI systems can interpret and understand sensory information from the environment.
5. Language understanding: AI systems can comprehend and generate human language.

AI systems can be categorized into two main types:

1. **Narrow AI**: Designed for specific tasks, narrow AI systems are limited to a particular domain or function.
2. **General AI**: General AI systems would possess human-like cognitive abilities across multiple domains, enabling them to perform a wide range of tasks.

The document also mentions **Machine Learning**, a subset of AI that enables computers to learn and improve from experience without being explicitly programmed for every task. This allows AI systems to adapt and become more accurate over time.",What are the potential benefits and limitations of developing General AI systems?,"The potential benefits of developing General AI systems include their ability to perform a wide range of tasks and make decisions in complex situations. However, the limitations of General AI systems include the risk of job displacement, potential biases in decision-making, and the need for significant advances in areas such as natural language processing and reasoning. "
"Artificial Intelligence (AI) is a branch of computer science that aims to create intelligent machines 
that can perform tasks that typically require human intelligence. These tasks include learning, reasoning, 
problem-solving, perception, and language understanding. AI systems can be categorized into two main types: 
narrow AI, which is designed for specific tasks, and general AI, which would have human-like cognitive abilities 
across multiple domains. Machine learning, a subset of AI, enables computers to learn and improve from experience 
without being explicitly programmed for every task.",summary_detailed,"Here is a detailed summary of the provided document:

The document discusses Artificial Intelligence (AI), a branch of computer science that focuses on creating intelligent machines capable of performing tasks that typically require human intelligence. These tasks include:

1. Learning: AI systems can acquire knowledge and improve their performance over time.
2. Reasoning: AI systems can make logical decisions and draw conclusions based on available information.
3. Problem-solving: AI systems can identify and resolve complex problems.
4. Perception: AI systems can interpret and understand sensory information from the environment.
5. Language understanding: AI systems can comprehend and generate human language.

AI systems can be categorized into two main types:

1. **Narrow AI**: Designed for specific tasks, narrow AI systems are limited to a particular domain or function.
2. **General AI**: General AI systems would possess human-like cognitive abilities across multiple domains, enabling them to perform a wide range of tasks.

The document also mentions **Machine Learning**, a subset of AI that enables computers to learn and improve from experience without being explicitly programmed for every task. This allows AI systems to adapt and become more accurate over time.",How does the concept of Narrow AI relate to the broader field of Artificial Intelligence?,"Narrow AI is a fundamental component of the broader field of Artificial Intelligence, as it represents the current state of AI technology, which is focused on solving specific problems in specific domains. Narrow AI systems are the building blocks of more advanced AI systems, and they provide the foundation for the development of General AI systems. "
"Artificial Intelligence (AI) is a branch of computer science that aims to create intelligent machines 
that can perform tasks that typically require human intelligence. These tasks include learning, reasoning, 
problem-solving, perception, and language understanding. AI systems can be categorized into two main types: 
narrow AI, which is designed for specific tasks, and general AI, which would have human-like cognitive abilities 
across multiple domains. Machine learning, a subset of AI, enables computers to learn and improve from experience 
without being explicitly programmed for every task.",summary_detailed,"Here is a detailed summary of the provided document:

The document discusses Artificial Intelligence (AI), a branch of computer science that focuses on creating intelligent machines capable of performing tasks that typically require human intelligence. These tasks include:

1. Learning: AI systems can acquire knowledge and improve their performance over time.
2. Reasoning: AI systems can make logical decisions and draw conclusions based on available information.
3. Problem-solving: AI systems can identify and resolve complex problems.
4. Perception: AI systems can interpret and understand sensory information from the environment.
5. Language understanding: AI systems can comprehend and generate human language.

AI systems can be categorized into two main types:

1. **Narrow AI**: Designed for specific tasks, narrow AI systems are limited to a particular domain or function.
2. **General AI**: General AI systems would possess human-like cognitive abilities across multiple domains, enabling them to perform a wide range of tasks.

The document also mentions **Machine Learning**, a subset of AI that enables computers to learn and improve from experience without being explicitly programmed for every task. This allows AI systems to adapt and become more accurate over time.",What are some potential applications of Machine Learning in real-world scenarios?,"Machine Learning has a wide range of potential applications in real-world scenarios, including image recognition in self-driving cars, personalized recommendations on e-commerce websites, and medical diagnosis using medical imaging data. These applications demonstrate the power of Machine Learning in improving accuracy, efficiency, and decision-making in various fields. "
"Artificial Intelligence (AI) is a branch of computer science that aims to create intelligent machines 
that can perform tasks that typically require human intelligence. These tasks include learning, reasoning, 
problem-solving, perception, and language understanding. AI systems can be categorized into two main types: 
narrow AI, which is designed for specific tasks, and general AI, which would have human-like cognitive abilities 
across multiple domains. Machine learning, a subset of AI, enables computers to learn and improve from experience 
without being explicitly programmed for every task.",summary_extractive,"Here's a detailed extractive summary of the provided document:

**Key Points:**

1. **Definition of Artificial Intelligence (AI):** AI is a branch of computer science that aims to create intelligent machines that can perform tasks that typically require human intelligence.
2. **Tasks Performed by AI:** AI systems can perform tasks such as learning, reasoning, problem-solving, perception, and language understanding.
3. **Categorization of AI Systems:** AI systems can be categorized into two main types: narrow AI and general AI.
4. **Narrow AI:** Narrow AI is designed for specific tasks and is not capable of human-like cognitive abilities across multiple domains.
5. **General AI:** General AI would have human-like cognitive abilities across multiple domains, but it is still a hypothetical concept.
6. **Machine Learning:** Machine learning is a subset of AI that enables computers to learn and improve from experience without being explicitly programmed for every task.

**Summary:**

Artificial Intelligence (AI) is a branch of computer science that aims to create intelligent machines that can perform tasks that typically require human intelligence. AI systems can be categorized into two main types: narrow AI and general AI. Narrow AI is designed for specific tasks, while general AI would have human-like cognitive abilities across multiple domains. Machine learning is a subset of AI that enables computers to learn and improve from experience without being explicitly programmed for every task.",What is the primary goal of Artificial Intelligence (AI)?,The primary goal of Artificial Intelligence (AI) is to create intelligent machines that can perform tasks that typically require human intelligence. 
"Artificial Intelligence (AI) is a branch of computer science that aims to create intelligent machines 
that can perform tasks that typically require human intelligence. These tasks include learning, reasoning, 
problem-solving, perception, and language understanding. AI systems can be categorized into two main types: 
narrow AI, which is designed for specific tasks, and general AI, which would have human-like cognitive abilities 
across multiple domains. Machine learning, a subset of AI, enables computers to learn and improve from experience 
without being explicitly programmed for every task.",summary_extractive,"Here's a detailed extractive summary of the provided document:

**Key Points:**

1. **Definition of Artificial Intelligence (AI):** AI is a branch of computer science that aims to create intelligent machines that can perform tasks that typically require human intelligence.
2. **Tasks Performed by AI:** AI systems can perform tasks such as learning, reasoning, problem-solving, perception, and language understanding.
3. **Categorization of AI Systems:** AI systems can be categorized into two main types: narrow AI and general AI.
4. **Narrow AI:** Narrow AI is designed for specific tasks and is not capable of human-like cognitive abilities across multiple domains.
5. **General AI:** General AI would have human-like cognitive abilities across multiple domains, but it is still a hypothetical concept.
6. **Machine Learning:** Machine learning is a subset of AI that enables computers to learn and improve from experience without being explicitly programmed for every task.

**Summary:**

Artificial Intelligence (AI) is a branch of computer science that aims to create intelligent machines that can perform tasks that typically require human intelligence. AI systems can be categorized into two main types: narrow AI and general AI. Narrow AI is designed for specific tasks, while general AI would have human-like cognitive abilities across multiple domains. Machine learning is a subset of AI that enables computers to learn and improve from experience without being explicitly programmed for every task.",What is the main difference between narrow AI and general AI?,"The main difference between narrow AI and general AI is that narrow AI is designed for specific tasks and is not capable of human-like cognitive abilities across multiple domains, whereas general AI would have human-like cognitive abilities across multiple domains. "
"Artificial Intelligence (AI) is a branch of computer science that aims to create intelligent machines 
that can perform tasks that typically require human intelligence. These tasks include learning, reasoning, 
problem-solving, perception, and language understanding. AI systems can be categorized into two main types: 
narrow AI, which is designed for specific tasks, and general AI, which would have human-like cognitive abilities 
across multiple domains. Machine learning, a subset of AI, enables computers to learn and improve from experience 
without being explicitly programmed for every task.",summary_extractive,"Here's a detailed extractive summary of the provided document:

**Key Points:**

1. **Definition of Artificial Intelligence (AI):** AI is a branch of computer science that aims to create intelligent machines that can perform tasks that typically require human intelligence.
2. **Tasks Performed by AI:** AI systems can perform tasks such as learning, reasoning, problem-solving, perception, and language understanding.
3. **Categorization of AI Systems:** AI systems can be categorized into two main types: narrow AI and general AI.
4. **Narrow AI:** Narrow AI is designed for specific tasks and is not capable of human-like cognitive abilities across multiple domains.
5. **General AI:** General AI would have human-like cognitive abilities across multiple domains, but it is still a hypothetical concept.
6. **Machine Learning:** Machine learning is a subset of AI that enables computers to learn and improve from experience without being explicitly programmed for every task.

**Summary:**

Artificial Intelligence (AI) is a branch of computer science that aims to create intelligent machines that can perform tasks that typically require human intelligence. AI systems can be categorized into two main types: narrow AI and general AI. Narrow AI is designed for specific tasks, while general AI would have human-like cognitive abilities across multiple domains. Machine learning is a subset of AI that enables computers to learn and improve from experience without being explicitly programmed for every task.","What is machine learning, and how does it relate to AI?",Machine learning is a subset of AI that enables computers to learn and improve from experience without being explicitly programmed for every task. It is a key component of AI that allows computers to adapt and learn from data. 
"Artificial Intelligence (AI) is a branch of computer science that aims to create intelligent machines 
that can perform tasks that typically require human intelligence. These tasks include learning, reasoning, 
problem-solving, perception, and language understanding. AI systems can be categorized into two main types: 
narrow AI, which is designed for specific tasks, and general AI, which would have human-like cognitive abilities 
across multiple domains. Machine learning, a subset of AI, enables computers to learn and improve from experience 
without being explicitly programmed for every task.",summary_extractive,"Here's a detailed extractive summary of the provided document:

**Key Points:**

1. **Definition of Artificial Intelligence (AI):** AI is a branch of computer science that aims to create intelligent machines that can perform tasks that typically require human intelligence.
2. **Tasks Performed by AI:** AI systems can perform tasks such as learning, reasoning, problem-solving, perception, and language understanding.
3. **Categorization of AI Systems:** AI systems can be categorized into two main types: narrow AI and general AI.
4. **Narrow AI:** Narrow AI is designed for specific tasks and is not capable of human-like cognitive abilities across multiple domains.
5. **General AI:** General AI would have human-like cognitive abilities across multiple domains, but it is still a hypothetical concept.
6. **Machine Learning:** Machine learning is a subset of AI that enables computers to learn and improve from experience without being explicitly programmed for every task.

**Summary:**

Artificial Intelligence (AI) is a branch of computer science that aims to create intelligent machines that can perform tasks that typically require human intelligence. AI systems can be categorized into two main types: narrow AI and general AI. Narrow AI is designed for specific tasks, while general AI would have human-like cognitive abilities across multiple domains. Machine learning is a subset of AI that enables computers to learn and improve from experience without being explicitly programmed for every task.",What are some examples of tasks that AI systems can perform?,"AI systems can perform tasks such as learning, reasoning, problem-solving, perception, and language understanding. These tasks are typically considered to require human intelligence and are a key focus of AI research. "
"Artificial Intelligence (AI) is a branch of computer science that aims to create intelligent machines 
that can perform tasks that typically require human intelligence. These tasks include learning, reasoning, 
problem-solving, perception, and language understanding. AI systems can be categorized into two main types: 
narrow AI, which is designed for specific tasks, and general AI, which would have human-like cognitive abilities 
across multiple domains. Machine learning, a subset of AI, enables computers to learn and improve from experience 
without being explicitly programmed for every task.",summary_extractive,"Here's a detailed extractive summary of the provided document:

**Key Points:**

1. **Definition of Artificial Intelligence (AI):** AI is a branch of computer science that aims to create intelligent machines that can perform tasks that typically require human intelligence.
2. **Tasks Performed by AI:** AI systems can perform tasks such as learning, reasoning, problem-solving, perception, and language understanding.
3. **Categorization of AI Systems:** AI systems can be categorized into two main types: narrow AI and general AI.
4. **Narrow AI:** Narrow AI is designed for specific tasks and is not capable of human-like cognitive abilities across multiple domains.
5. **General AI:** General AI would have human-like cognitive abilities across multiple domains, but it is still a hypothetical concept.
6. **Machine Learning:** Machine learning is a subset of AI that enables computers to learn and improve from experience without being explicitly programmed for every task.

**Summary:**

Artificial Intelligence (AI) is a branch of computer science that aims to create intelligent machines that can perform tasks that typically require human intelligence. AI systems can be categorized into two main types: narrow AI and general AI. Narrow AI is designed for specific tasks, while general AI would have human-like cognitive abilities across multiple domains. Machine learning is a subset of AI that enables computers to learn and improve from experience without being explicitly programmed for every task.","What is the current state of general AI, and what are its limitations?","General AI is still a hypothetical concept, and current AI systems are not capable of human-like cognitive abilities across multiple domains. Narrow AI systems are designed for specific tasks and are not general-purpose intelligent machines. "
"Artificial Intelligence (AI) is a branch of computer science that aims to create intelligent machines 
that can perform tasks that typically require human intelligence. These tasks include learning, reasoning, 
problem-solving, perception, and language understanding. AI systems can be categorized into two main types: 
narrow AI, which is designed for specific tasks, and general AI, which would have human-like cognitive abilities 
across multiple domains. Machine learning, a subset of AI, enables computers to learn and improve from experience 
without being explicitly programmed for every task.",summary_extractive,"Here's a detailed extractive summary of the provided document:

**Key Points:**

1. **Definition of Artificial Intelligence (AI):** AI is a branch of computer science that aims to create intelligent machines that can perform tasks that typically require human intelligence.
2. **Tasks Performed by AI:** AI systems can perform tasks such as learning, reasoning, problem-solving, perception, and language understanding.
3. **Categorization of AI Systems:** AI systems can be categorized into two main types: narrow AI and general AI.
4. **Narrow AI:** Narrow AI is designed for specific tasks and is not capable of human-like cognitive abilities across multiple domains.
5. **General AI:** General AI would have human-like cognitive abilities across multiple domains, but it is still a hypothetical concept.
6. **Machine Learning:** Machine learning is a subset of AI that enables computers to learn and improve from experience without being explicitly programmed for every task.

**Summary:**

Artificial Intelligence (AI) is a branch of computer science that aims to create intelligent machines that can perform tasks that typically require human intelligence. AI systems can be categorized into two main types: narrow AI and general AI. Narrow AI is designed for specific tasks, while general AI would have human-like cognitive abilities across multiple domains. Machine learning is a subset of AI that enables computers to learn and improve from experience without being explicitly programmed for every task.",How does machine learning contribute to the development of AI systems?,"Machine learning enables AI systems to learn and improve from experience without being explicitly programmed for every task. It allows AI systems to adapt to new data and situations, making them more flexible and capable of handling complex tasks. "
"Artificial Intelligence (AI) is a branch of computer science that aims to create intelligent machines 
that can perform tasks that typically require human intelligence. These tasks include learning, reasoning, 
problem-solving, perception, and language understanding. AI systems can be categorized into two main types: 
narrow AI, which is designed for specific tasks, and general AI, which would have human-like cognitive abilities 
across multiple domains. Machine learning, a subset of AI, enables computers to learn and improve from experience 
without being explicitly programmed for every task.",summary_extractive,"Here's a detailed extractive summary of the provided document:

**Key Points:**

1. **Definition of Artificial Intelligence (AI):** AI is a branch of computer science that aims to create intelligent machines that can perform tasks that typically require human intelligence.
2. **Tasks Performed by AI:** AI systems can perform tasks such as learning, reasoning, problem-solving, perception, and language understanding.
3. **Categorization of AI Systems:** AI systems can be categorized into two main types: narrow AI and general AI.
4. **Narrow AI:** Narrow AI is designed for specific tasks and is not capable of human-like cognitive abilities across multiple domains.
5. **General AI:** General AI would have human-like cognitive abilities across multiple domains, but it is still a hypothetical concept.
6. **Machine Learning:** Machine learning is a subset of AI that enables computers to learn and improve from experience without being explicitly programmed for every task.

**Summary:**

Artificial Intelligence (AI) is a branch of computer science that aims to create intelligent machines that can perform tasks that typically require human intelligence. AI systems can be categorized into two main types: narrow AI and general AI. Narrow AI is designed for specific tasks, while general AI would have human-like cognitive abilities across multiple domains. Machine learning is a subset of AI that enables computers to learn and improve from experience without being explicitly programmed for every task.",What are the potential benefits and challenges of developing more advanced AI systems?,"The potential benefits of developing more advanced AI systems include improved efficiency, productivity, and decision-making capabilities. However, there are also challenges and risks associated with developing more advanced AI systems, such as job displacement, bias, and security risks. "
"Artificial Intelligence (AI) is a branch of computer science that aims to create intelligent machines 
that can perform tasks that typically require human intelligence. These tasks include learning, reasoning, 
problem-solving, perception, and language understanding. AI systems can be categorized into two main types: 
narrow AI, which is designed for specific tasks, and general AI, which would have human-like cognitive abilities 
across multiple domains. Machine learning, a subset of AI, enables computers to learn and improve from experience 
without being explicitly programmed for every task.",summary_extractive,"Here's a detailed extractive summary of the provided document:

**Key Points:**

1. **Definition of Artificial Intelligence (AI):** AI is a branch of computer science that aims to create intelligent machines that can perform tasks that typically require human intelligence.
2. **Tasks Performed by AI:** AI systems can perform tasks such as learning, reasoning, problem-solving, perception, and language understanding.
3. **Categorization of AI Systems:** AI systems can be categorized into two main types: narrow AI and general AI.
4. **Narrow AI:** Narrow AI is designed for specific tasks and is not capable of human-like cognitive abilities across multiple domains.
5. **General AI:** General AI would have human-like cognitive abilities across multiple domains, but it is still a hypothetical concept.
6. **Machine Learning:** Machine learning is a subset of AI that enables computers to learn and improve from experience without being explicitly programmed for every task.

**Summary:**

Artificial Intelligence (AI) is a branch of computer science that aims to create intelligent machines that can perform tasks that typically require human intelligence. AI systems can be categorized into two main types: narrow AI and general AI. Narrow AI is designed for specific tasks, while general AI would have human-like cognitive abilities across multiple domains. Machine learning is a subset of AI that enables computers to learn and improve from experience without being explicitly programmed for every task.","How can AI systems be designed to ensure that they are transparent, explainable, and accountable?","AI systems can be designed to be transparent, explainable, and accountable by using techniques such as model interpretability, feature attribution, and auditing. These techniques can help ensure that AI systems are fair, unbiased, and accountable for their decisions and actions. "
"Artificial Intelligence (AI) is a branch of computer science that aims to create intelligent machines 
that can perform tasks that typically require human intelligence. These tasks include learning, reasoning, 
problem-solving, perception, and language understanding. AI systems can be categorized into two main types: 
narrow AI, which is designed for specific tasks, and general AI, which would have human-like cognitive abilities 
across multiple domains. Machine learning, a subset of AI, enables computers to learn and improve from experience 
without being explicitly programmed for every task.",summary_atomic_facts,"Here are the atomic facts broken down from the passage:

1. Artificial Intelligence (AI) is a branch of computer science.
2. AI aims to create intelligent machines.
3. Intelligent machines can perform tasks that typically require human intelligence.
4. Tasks that typically require human intelligence include learning.
5. Tasks that typically require human intelligence include reasoning.
6. Tasks that typically require human intelligence include problem-solving.
7. Tasks that typically require human intelligence include perception.
8. Tasks that typically require human intelligence include language understanding.
9. AI systems can be categorized into two main types.
10. The two main types of AI systems are narrow AI and general AI.
11. Narrow AI is designed for specific tasks.
12. General AI would have human-like cognitive abilities across multiple domains.
13. Machine learning is a subset of AI.
14. Machine learning enables computers to learn from experience.
15. Machine learning enables computers to improve from experience.
16. Computers can learn and improve without being explicitly programmed for every task.",What is the primary goal of Artificial Intelligence (AI)?,"The primary goal of Artificial Intelligence (AI) is to create intelligent machines that can perform tasks that typically require human intelligence, such as learning, reasoning, problem-solving, perception, and language understanding.
"
"Artificial Intelligence (AI) is a branch of computer science that aims to create intelligent machines 
that can perform tasks that typically require human intelligence. These tasks include learning, reasoning, 
problem-solving, perception, and language understanding. AI systems can be categorized into two main types: 
narrow AI, which is designed for specific tasks, and general AI, which would have human-like cognitive abilities 
across multiple domains. Machine learning, a subset of AI, enables computers to learn and improve from experience 
without being explicitly programmed for every task.",summary_atomic_facts,"Here are the atomic facts broken down from the passage:

1. Artificial Intelligence (AI) is a branch of computer science.
2. AI aims to create intelligent machines.
3. Intelligent machines can perform tasks that typically require human intelligence.
4. Tasks that typically require human intelligence include learning.
5. Tasks that typically require human intelligence include reasoning.
6. Tasks that typically require human intelligence include problem-solving.
7. Tasks that typically require human intelligence include perception.
8. Tasks that typically require human intelligence include language understanding.
9. AI systems can be categorized into two main types.
10. The two main types of AI systems are narrow AI and general AI.
11. Narrow AI is designed for specific tasks.
12. General AI would have human-like cognitive abilities across multiple domains.
13. Machine learning is a subset of AI.
14. Machine learning enables computers to learn from experience.
15. Machine learning enables computers to improve from experience.
16. Computers can learn and improve without being explicitly programmed for every task.","What are the two main types of AI systems, and how do they differ in their capabilities?","The two main types of AI systems are narrow AI and general AI. Narrow AI is designed for specific tasks, whereas general AI would have human-like cognitive abilities across multiple domains. General AI is still a developing area of research, whereas narrow AI is widely used in various applications.
"
"Artificial Intelligence (AI) is a branch of computer science that aims to create intelligent machines 
that can perform tasks that typically require human intelligence. These tasks include learning, reasoning, 
problem-solving, perception, and language understanding. AI systems can be categorized into two main types: 
narrow AI, which is designed for specific tasks, and general AI, which would have human-like cognitive abilities 
across multiple domains. Machine learning, a subset of AI, enables computers to learn and improve from experience 
without being explicitly programmed for every task.",summary_atomic_facts,"Here are the atomic facts broken down from the passage:

1. Artificial Intelligence (AI) is a branch of computer science.
2. AI aims to create intelligent machines.
3. Intelligent machines can perform tasks that typically require human intelligence.
4. Tasks that typically require human intelligence include learning.
5. Tasks that typically require human intelligence include reasoning.
6. Tasks that typically require human intelligence include problem-solving.
7. Tasks that typically require human intelligence include perception.
8. Tasks that typically require human intelligence include language understanding.
9. AI systems can be categorized into two main types.
10. The two main types of AI systems are narrow AI and general AI.
11. Narrow AI is designed for specific tasks.
12. General AI would have human-like cognitive abilities across multiple domains.
13. Machine learning is a subset of AI.
14. Machine learning enables computers to learn from experience.
15. Machine learning enables computers to improve from experience.
16. Computers can learn and improve without being explicitly programmed for every task.","What is machine learning, and how does it contribute to the development of AI systems?","Machine learning is a subset of AI that enables computers to learn from experience and improve from experience. It allows computers to learn and improve without being explicitly programmed for every task, making it a key component in the development of AI systems.
"
"Artificial Intelligence (AI) is a branch of computer science that aims to create intelligent machines 
that can perform tasks that typically require human intelligence. These tasks include learning, reasoning, 
problem-solving, perception, and language understanding. AI systems can be categorized into two main types: 
narrow AI, which is designed for specific tasks, and general AI, which would have human-like cognitive abilities 
across multiple domains. Machine learning, a subset of AI, enables computers to learn and improve from experience 
without being explicitly programmed for every task.",summary_atomic_facts,"Here are the atomic facts broken down from the passage:

1. Artificial Intelligence (AI) is a branch of computer science.
2. AI aims to create intelligent machines.
3. Intelligent machines can perform tasks that typically require human intelligence.
4. Tasks that typically require human intelligence include learning.
5. Tasks that typically require human intelligence include reasoning.
6. Tasks that typically require human intelligence include problem-solving.
7. Tasks that typically require human intelligence include perception.
8. Tasks that typically require human intelligence include language understanding.
9. AI systems can be categorized into two main types.
10. The two main types of AI systems are narrow AI and general AI.
11. Narrow AI is designed for specific tasks.
12. General AI would have human-like cognitive abilities across multiple domains.
13. Machine learning is a subset of AI.
14. Machine learning enables computers to learn from experience.
15. Machine learning enables computers to improve from experience.
16. Computers can learn and improve without being explicitly programmed for every task.","What are some examples of tasks that typically require human intelligence, and how do AI systems aim to replicate these abilities?","Tasks that typically require human intelligence include learning, reasoning, problem-solving, perception, and language understanding. AI systems aim to replicate these abilities by developing algorithms and models that can process and analyze vast amounts of data, recognize patterns, and make decisions based on that information.
"
"Artificial Intelligence (AI) is a branch of computer science that aims to create intelligent machines 
that can perform tasks that typically require human intelligence. These tasks include learning, reasoning, 
problem-solving, perception, and language understanding. AI systems can be categorized into two main types: 
narrow AI, which is designed for specific tasks, and general AI, which would have human-like cognitive abilities 
across multiple domains. Machine learning, a subset of AI, enables computers to learn and improve from experience 
without being explicitly programmed for every task.",summary_atomic_facts,"Here are the atomic facts broken down from the passage:

1. Artificial Intelligence (AI) is a branch of computer science.
2. AI aims to create intelligent machines.
3. Intelligent machines can perform tasks that typically require human intelligence.
4. Tasks that typically require human intelligence include learning.
5. Tasks that typically require human intelligence include reasoning.
6. Tasks that typically require human intelligence include problem-solving.
7. Tasks that typically require human intelligence include perception.
8. Tasks that typically require human intelligence include language understanding.
9. AI systems can be categorized into two main types.
10. The two main types of AI systems are narrow AI and general AI.
11. Narrow AI is designed for specific tasks.
12. General AI would have human-like cognitive abilities across multiple domains.
13. Machine learning is a subset of AI.
14. Machine learning enables computers to learn from experience.
15. Machine learning enables computers to improve from experience.
16. Computers can learn and improve without being explicitly programmed for every task.","What are the key differences between narrow AI and general AI, and why is general AI still a developing area of research?","The key differences between narrow AI and general AI are their capabilities and scope. Narrow AI is designed for specific tasks, whereas general AI would have human-like cognitive abilities across multiple domains. General AI is still a developing area of research because it requires significant advances in areas such as natural language processing, computer vision, and reasoning.
"
"Artificial Intelligence (AI) is a branch of computer science that aims to create intelligent machines 
that can perform tasks that typically require human intelligence. These tasks include learning, reasoning, 
problem-solving, perception, and language understanding. AI systems can be categorized into two main types: 
narrow AI, which is designed for specific tasks, and general AI, which would have human-like cognitive abilities 
across multiple domains. Machine learning, a subset of AI, enables computers to learn and improve from experience 
without being explicitly programmed for every task.",summary_atomic_facts,"Here are the atomic facts broken down from the passage:

1. Artificial Intelligence (AI) is a branch of computer science.
2. AI aims to create intelligent machines.
3. Intelligent machines can perform tasks that typically require human intelligence.
4. Tasks that typically require human intelligence include learning.
5. Tasks that typically require human intelligence include reasoning.
6. Tasks that typically require human intelligence include problem-solving.
7. Tasks that typically require human intelligence include perception.
8. Tasks that typically require human intelligence include language understanding.
9. AI systems can be categorized into two main types.
10. The two main types of AI systems are narrow AI and general AI.
11. Narrow AI is designed for specific tasks.
12. General AI would have human-like cognitive abilities across multiple domains.
13. Machine learning is a subset of AI.
14. Machine learning enables computers to learn from experience.
15. Machine learning enables computers to improve from experience.
16. Computers can learn and improve without being explicitly programmed for every task.","How does machine learning enable computers to learn and improve from experience, and what are some of its applications in AI systems?","Machine learning enables computers to learn and improve from experience by analyzing data and recognizing patterns. It allows computers to learn from their mistakes and adapt to new situations, making it a key component in the development of AI systems. Machine learning has numerous applications in AI systems, including image and speech recognition, natural language processing, and decision-making.
"
"Artificial Intelligence (AI) is a branch of computer science that aims to create intelligent machines 
that can perform tasks that typically require human intelligence. These tasks include learning, reasoning, 
problem-solving, perception, and language understanding. AI systems can be categorized into two main types: 
narrow AI, which is designed for specific tasks, and general AI, which would have human-like cognitive abilities 
across multiple domains. Machine learning, a subset of AI, enables computers to learn and improve from experience 
without being explicitly programmed for every task.",summary_atomic_facts,"Here are the atomic facts broken down from the passage:

1. Artificial Intelligence (AI) is a branch of computer science.
2. AI aims to create intelligent machines.
3. Intelligent machines can perform tasks that typically require human intelligence.
4. Tasks that typically require human intelligence include learning.
5. Tasks that typically require human intelligence include reasoning.
6. Tasks that typically require human intelligence include problem-solving.
7. Tasks that typically require human intelligence include perception.
8. Tasks that typically require human intelligence include language understanding.
9. AI systems can be categorized into two main types.
10. The two main types of AI systems are narrow AI and general AI.
11. Narrow AI is designed for specific tasks.
12. General AI would have human-like cognitive abilities across multiple domains.
13. Machine learning is a subset of AI.
14. Machine learning enables computers to learn from experience.
15. Machine learning enables computers to improve from experience.
16. Computers can learn and improve without being explicitly programmed for every task.","What are some of the challenges and limitations of developing general AI systems, and how are researchers addressing these challenges?","Some of the challenges and limitations of developing general AI systems include the need for significant advances in areas such as natural language processing, computer vision, and reasoning. Researchers are addressing these challenges by developing new algorithms and models, as well as by exploring new approaches to AI development, such as cognitive architectures and hybrid approaches.
"
"Artificial Intelligence (AI) is a branch of computer science that aims to create intelligent machines 
that can perform tasks that typically require human intelligence. These tasks include learning, reasoning, 
problem-solving, perception, and language understanding. AI systems can be categorized into two main types: 
narrow AI, which is designed for specific tasks, and general AI, which would have human-like cognitive abilities 
across multiple domains. Machine learning, a subset of AI, enables computers to learn and improve from experience 
without being explicitly programmed for every task.",base_document,"Artificial Intelligence (AI) is a branch of computer science that aims to create intelligent machines 
that can perform tasks that typically require human intelligence. These tasks include learning, reasoning, 
problem-solving, perception, and language understanding. AI systems can be categorized into two main types: 
narrow AI, which is designed for specific tasks, and general AI, which would have human-like cognitive abilities 
across multiple domains. Machine learning, a subset of AI, enables computers to learn and improve from experience 
without being explicitly programmed for every task.",What is the primary goal of Artificial Intelligence (AI) in computer science?,"The primary goal of Artificial Intelligence (AI) in computer science is to create intelligent machines that can perform tasks that typically require human intelligence, such as learning, reasoning, problem-solving, perception, and language understanding. 
"
"Artificial Intelligence (AI) is a branch of computer science that aims to create intelligent machines 
that can perform tasks that typically require human intelligence. These tasks include learning, reasoning, 
problem-solving, perception, and language understanding. AI systems can be categorized into two main types: 
narrow AI, which is designed for specific tasks, and general AI, which would have human-like cognitive abilities 
across multiple domains. Machine learning, a subset of AI, enables computers to learn and improve from experience 
without being explicitly programmed for every task.",base_document,"Artificial Intelligence (AI) is a branch of computer science that aims to create intelligent machines 
that can perform tasks that typically require human intelligence. These tasks include learning, reasoning, 
problem-solving, perception, and language understanding. AI systems can be categorized into two main types: 
narrow AI, which is designed for specific tasks, and general AI, which would have human-like cognitive abilities 
across multiple domains. Machine learning, a subset of AI, enables computers to learn and improve from experience 
without being explicitly programmed for every task.",What are the two main categories of AI systems?,"The two main categories of AI systems are narrow AI and general AI. Narrow AI is designed for specific tasks, while general AI would have human-like cognitive abilities across multiple domains. 
"
"Artificial Intelligence (AI) is a branch of computer science that aims to create intelligent machines 
that can perform tasks that typically require human intelligence. These tasks include learning, reasoning, 
problem-solving, perception, and language understanding. AI systems can be categorized into two main types: 
narrow AI, which is designed for specific tasks, and general AI, which would have human-like cognitive abilities 
across multiple domains. Machine learning, a subset of AI, enables computers to learn and improve from experience 
without being explicitly programmed for every task.",base_document,"Artificial Intelligence (AI) is a branch of computer science that aims to create intelligent machines 
that can perform tasks that typically require human intelligence. These tasks include learning, reasoning, 
problem-solving, perception, and language understanding. AI systems can be categorized into two main types: 
narrow AI, which is designed for specific tasks, and general AI, which would have human-like cognitive abilities 
across multiple domains. Machine learning, a subset of AI, enables computers to learn and improve from experience 
without being explicitly programmed for every task.","What is machine learning, and how does it relate to AI?","Machine learning is a subset of AI that enables computers to learn and improve from experience without being explicitly programmed for every task. This allows AI systems to adapt and become more accurate over time as they receive more data and feedback. 
"
"Artificial Intelligence (AI) is a branch of computer science that aims to create intelligent machines 
that can perform tasks that typically require human intelligence. These tasks include learning, reasoning, 
problem-solving, perception, and language understanding. AI systems can be categorized into two main types: 
narrow AI, which is designed for specific tasks, and general AI, which would have human-like cognitive abilities 
across multiple domains. Machine learning, a subset of AI, enables computers to learn and improve from experience 
without being explicitly programmed for every task.",base_document,"Artificial Intelligence (AI) is a branch of computer science that aims to create intelligent machines 
that can perform tasks that typically require human intelligence. These tasks include learning, reasoning, 
problem-solving, perception, and language understanding. AI systems can be categorized into two main types: 
narrow AI, which is designed for specific tasks, and general AI, which would have human-like cognitive abilities 
across multiple domains. Machine learning, a subset of AI, enables computers to learn and improve from experience 
without being explicitly programmed for every task.",What are some examples of tasks that typically require human intelligence and are being pursued in AI research?,"Examples of tasks that typically require human intelligence and are being pursued in AI research include learning, reasoning, problem-solving, perception, and language understanding. These tasks are essential for creating intelligent machines that can perform complex tasks and interact with humans in a more natural way. 
"
"Artificial Intelligence (AI) is a branch of computer science that aims to create intelligent machines 
that can perform tasks that typically require human intelligence. These tasks include learning, reasoning, 
problem-solving, perception, and language understanding. AI systems can be categorized into two main types: 
narrow AI, which is designed for specific tasks, and general AI, which would have human-like cognitive abilities 
across multiple domains. Machine learning, a subset of AI, enables computers to learn and improve from experience 
without being explicitly programmed for every task.",base_document,"Artificial Intelligence (AI) is a branch of computer science that aims to create intelligent machines 
that can perform tasks that typically require human intelligence. These tasks include learning, reasoning, 
problem-solving, perception, and language understanding. AI systems can be categorized into two main types: 
narrow AI, which is designed for specific tasks, and general AI, which would have human-like cognitive abilities 
across multiple domains. Machine learning, a subset of AI, enables computers to learn and improve from experience 
without being explicitly programmed for every task.",What is the difference between narrow AI and general AI?,"The main difference between narrow AI and general AI is the scope of their abilities. Narrow AI is designed for specific tasks and has limited capabilities, whereas general AI would have human-like cognitive abilities across multiple domains, allowing it to perform a wide range of tasks and adapt to new situations. 
"
"Artificial Intelligence (AI) is a branch of computer science that aims to create intelligent machines 
that can perform tasks that typically require human intelligence. These tasks include learning, reasoning, 
problem-solving, perception, and language understanding. AI systems can be categorized into two main types: 
narrow AI, which is designed for specific tasks, and general AI, which would have human-like cognitive abilities 
across multiple domains. Machine learning, a subset of AI, enables computers to learn and improve from experience 
without being explicitly programmed for every task.",base_document,"Artificial Intelligence (AI) is a branch of computer science that aims to create intelligent machines 
that can perform tasks that typically require human intelligence. These tasks include learning, reasoning, 
problem-solving, perception, and language understanding. AI systems can be categorized into two main types: 
narrow AI, which is designed for specific tasks, and general AI, which would have human-like cognitive abilities 
across multiple domains. Machine learning, a subset of AI, enables computers to learn and improve from experience 
without being explicitly programmed for every task.",How does machine learning contribute to the development of AI systems?,"Machine learning contributes to the development of AI systems by enabling them to learn and improve from experience without being explicitly programmed for every task. This allows AI systems to adapt and become more accurate over time as they receive more data and feedback, making them more effective and efficient in performing complex tasks. 
"
